author,arcurl,tag
缺德的德鲁伊,http://www.bilibili.com/video/av277334910,"王星辰,林乐清,游戏鉴赏家,整点电子榨菜,完蛋！我被美女包围了,完蛋我被美女包围了,钟晨瑶,整点电子榨菜第六期,郑梓妍,完蛋！我被美少女包围了,完蛋我被女友包围了"
Komorebi0202,http://www.bilibili.com/video/av406301928,"美女,合集,大长腿,美女合集,小姐姐,必剪创作,九月创作打卡,UP！新学期"
时光真快小童鞋,http://www.bilibili.com/video/av872983309,"美女,UP主,解说,韩剧,好剧,精彩片段,影视剪辑,好剧分享,必剪创作"
黑大帅的潇洒哥_,http://www.bilibili.com/video/av596267345,"小姐姐,颜值,可爱,美女,漂亮,女神"
万先生电影,http://www.bilibili.com/video/av620078388,"机器人,爱情,美女,科幻,身材,人工智能,电影解说,人人都能聊影视,最强安利王2.0"
蛋酱是我,http://www.bilibili.com/video/av385246354,"跟着UP主创作吧（第四期）,记录生活的美好幸福时刻,高能,萌妹子,挑战,小姐姐,女神,妹子,东京,美女,打卡挑战"
影蜜电影,http://www.bilibili.com/video/av946495864,"剪辑,万物皆可混剪,影视剪辑"
神猪说动漫,http://www.bilibili.com/video/av319377826,"美女,女神,姐姐,性感,动画短片,半身,衣服,国王,肩带,动画十月创作挑战"
向上的竹笋,http://www.bilibili.com/video/av701489527,"妹子,女神,小仙女,小姐姐,颜值,青春闪光的样子,B站小剧场·夏日狂欢季"
粉红耀眼猪,http://www.bilibili.com/video/av705465084,"上海,美女,万圣节,女神,小姐姐,必剪创作"
六月季夏echo,http://www.bilibili.com/video/av930615934,"不咕剪辑,小姐姐,情侣,萌妹子,女神,生活记录"
tutudiy,http://www.bilibili.com/video/av578135815,"可爱,美女,女神,性感,台妹,啦啦队,大长腿,小姐姐,啦啦队美女,多巴胺甜妹安利大赏"
木头人426,http://www.bilibili.com/video/av365130895,"搞笑,美女,娱乐,高能,奇葩,必剪创作"
tutudiy,http://www.bilibili.com/video/av911830096,"美女,性感,东京,模特,走秀,时装秀,秀场,小姐姐,东京时装秀,时尚行业大公开,一起fun放假"
账号已注销,http://www.bilibili.com/video/av444078659,"美女,荒野求生,荒岛求生,庇护所,荒岛,极品美女,宝藏猎人"
逸骏,http://www.bilibili.com/video/av492978579,"短片,影视,短剧,惊喜生活，11UP"
Cosplay作品聚集地,http://www.bilibili.com/video/av530728338,"二次元,美女,合集,小姐姐,cos,Cosplay,创意仿妆挑战,仿妆cos大神暑期征集令"
美美观影,http://www.bilibili.com/video/av407727589,"美女,警官,影视剪辑,审问"
观影新猫特,http://www.bilibili.com/video/av662336009,"美女,调戏,悬疑剧,电影剪辑,可恶,影视剪辑,影视剧,大少爷,必剪创作,神仙剪刀手,影视神仙剪刀手"
cy频道,http://www.bilibili.com/video/av832760360,"美女,热舞,小姐姐,必剪创作"
微笑是种欢度,http://www.bilibili.com/video/av533539448,"美女,美女合集,小姐姐"
耶嘿YeahHey,http://www.bilibili.com/video/av920385972,"女神,科普,姐姐,泰坦尼克号,性感,萌妹子,漂亮,小仙女,小姐姐,出行就现在,冬日·出行体验记"
田中寧檬,http://www.bilibili.com/video/av832223122,"美女,女神,性感,长腿,性感美女,助眠,轩子"
披星戴月月月月,http://www.bilibili.com/video/av658112300,"韩国,制服,美女,热舞,女主播,主播,必剪创作,eku"
小宇热游解说,http://www.bilibili.com/video/av962294296,"单机游戏,游戏解说,游戏攻略,沙盒游戏,PS5,主机游戏,整点电子榨菜,我被美女包围了,整点电子榨菜第六期"
楚河周刊,http://www.bilibili.com/video/av577325772,"搞笑,美女,单机游戏,主机游戏,楚河,推荐宝藏游戏,完蛋！我被美女包围了！"
求知若渴谦虚若愚,http://www.bilibili.com/video/av534073965,"美女,内衣秀,模特,大赛,走秀,比基尼美女,T台,泳装秀,模特大赛,维密秀"
游戏BBQ,http://www.bilibili.com/video/av319813482,"搞笑,美女,英雄联盟,老婆,电子竞技,精彩集锦,沦陷,LPL,Letme,完蛋！我被美女包围了"
嘉树三岁啦us35,http://www.bilibili.com/video/av525810222,"女神,操作,场面"
网易新闻,http://www.bilibili.com/video/av721047171,"星海计划,斗鱼,虎牙,直播,女主播,美女"
恶棍z1,http://www.bilibili.com/video/av492646148,"英语,剪辑,英语单词,影视剪辑,英语学习,英语口语,新片新剧产粮大赛,神仙剪刀手"
爱沉默在深秋,http://www.bilibili.com/video/av860261930,"伊甸园2,拉娜,恋爱,美女,咸猪手"
超级无敌小寒涵,http://www.bilibili.com/video/av344670380,"绘画,插画,生活,艺术,美术,素描,画画,人体模特,美术学院,裸模"
美羊羊爱剪辑,http://www.bilibili.com/video/av995062065,"缅甸,影视剪辑,必剪创作,电影护卫者,新剧好剧一起看,星动安利大作战·春日篇"
恐怖地带来恐怖,http://www.bilibili.com/video/av231786666,"美女,电影,恐怖片,电影剪辑,梅菜扣肉,电影解说,影评杂谈,新剧好剧一起看,开启暑假的100种方式"
沐宇Coco,http://www.bilibili.com/video/av560834277,搞笑
不同风格的比基尼走秀,http://www.bilibili.com/video/av526771072,"必剪创作,女神,身材,牛仔,美女,诱惑"
雨辰空_,http://www.bilibili.com/video/av235637499,"剪辑,美女被杀,必剪创作"
夜小雨爆笑社,http://www.bilibili.com/video/av476603962,"必剪创作,恶作剧,日本,综艺,搞笑,恶搞,高能,奇葩,整蛊,日本综艺"
嗨森聊妹,http://www.bilibili.com/video/av275427366,"搭讪,异国恋,恋爱研究所,异国风情,陌生人社交,国外美女,撩妹,国外生活,外国小姐姐,社恐"
爱吃抹茶布丁的小熊,http://www.bilibili.com/video/av276091653,"短片,搞笑,美女,老公,科幻片,路虎,富婆,套路,必剪创作,B站短片计划"
妙音舫,http://www.bilibili.com/video/av958736200,"爱情,DJ,美女,恋爱,夜店,酒吧,搭讪,高甜,B站小剧场,夜场女孩,B站小剧场·夏日狂欢季"
缺德的德鲁伊,http://www.bilibili.com/video/av277334910,"王星辰,林乐清,游戏鉴赏家,整点电子榨菜,完蛋！我被美女包围了,完蛋我被美女包围了,钟晨瑶,整点电子榨菜第六期,郑梓妍,完蛋！我被美少女包围了,完蛋我被女友包围了"
Komorebi0202,http://www.bilibili.com/video/av406301928,"美女,合集,大长腿,美女合集,小姐姐,必剪创作,九月创作打卡,UP！新学期"
时光真快小童鞋,http://www.bilibili.com/video/av872983309,"美女,UP主,解说,韩剧,好剧,精彩片段,影视剪辑,好剧分享,必剪创作"
黑大帅的潇洒哥_,http://www.bilibili.com/video/av596267345,"小姐姐,颜值,可爱,美女,漂亮,女神"
万先生电影,http://www.bilibili.com/video/av620078388,"机器人,爱情,美女,科幻,身材,人工智能,电影解说,人人都能聊影视,最强安利王2.0"
蛋酱是我,http://www.bilibili.com/video/av385246354,"跟着UP主创作吧（第四期）,记录生活的美好幸福时刻,高能,萌妹子,挑战,小姐姐,女神,妹子,东京,美女,打卡挑战"
影蜜电影,http://www.bilibili.com/video/av946495864,"剪辑,万物皆可混剪,影视剪辑"
神猪说动漫,http://www.bilibili.com/video/av319377826,"美女,女神,姐姐,性感,动画短片,半身,衣服,国王,肩带,动画十月创作挑战"
向上的竹笋,http://www.bilibili.com/video/av701489527,"妹子,女神,小仙女,小姐姐,颜值,青春闪光的样子,B站小剧场·夏日狂欢季"
粉红耀眼猪,http://www.bilibili.com/video/av705465084,"上海,美女,万圣节,女神,小姐姐,必剪创作"
六月季夏echo,http://www.bilibili.com/video/av930615934,"不咕剪辑,小姐姐,情侣,萌妹子,女神,生活记录"
tutudiy,http://www.bilibili.com/video/av578135815,"可爱,美女,女神,性感,台妹,啦啦队,大长腿,小姐姐,啦啦队美女,多巴胺甜妹安利大赏"
木头人426,http://www.bilibili.com/video/av365130895,"搞笑,美女,娱乐,高能,奇葩,必剪创作"
账号已注销,http://www.bilibili.com/video/av444078659,"美女,荒野求生,荒岛求生,庇护所,荒岛,极品美女,宝藏猎人"
tutudiy,http://www.bilibili.com/video/av911830096,"美女,性感,东京,模特,走秀,时装秀,秀场,小姐姐,东京时装秀,时尚行业大公开,一起fun放假"
逸骏,http://www.bilibili.com/video/av492978579,"短片,影视,短剧,惊喜生活，11UP"
Cosplay作品聚集地,http://www.bilibili.com/video/av530728338,"二次元,美女,合集,小姐姐,cos,Cosplay,创意仿妆挑战,仿妆cos大神暑期征集令"
美美观影,http://www.bilibili.com/video/av407727589,"美女,警官,影视剪辑,审问"
观影新猫特,http://www.bilibili.com/video/av662336009,"美女,调戏,悬疑剧,电影剪辑,可恶,影视剪辑,影视剧,大少爷,必剪创作,神仙剪刀手,影视神仙剪刀手"
cy频道,http://www.bilibili.com/video/av832760360,"美女,热舞,小姐姐,必剪创作"
微笑是种欢度,http://www.bilibili.com/video/av533539448,"美女,美女合集,小姐姐"
耶嘿YeahHey,http://www.bilibili.com/video/av920385972,"女神,科普,姐姐,泰坦尼克号,性感,萌妹子,漂亮,小仙女,小姐姐,出行就现在,冬日·出行体验记"
田中寧檬,http://www.bilibili.com/video/av832223122,"美女,女神,性感,长腿,性感美女,助眠,轩子"
披星戴月月月月,http://www.bilibili.com/video/av658112300,"韩国,制服,美女,热舞,女主播,主播,必剪创作,eku"
小宇热游解说,http://www.bilibili.com/video/av962294296,"单机游戏,游戏解说,游戏攻略,沙盒游戏,PS5,主机游戏,整点电子榨菜,我被美女包围了,整点电子榨菜第六期"
求知若渴谦虚若愚,http://www.bilibili.com/video/av534073965,"美女,内衣秀,模特,大赛,走秀,比基尼美女,T台,泳装秀,模特大赛,维密秀"
楚河周刊,http://www.bilibili.com/video/av577325772,"搞笑,美女,单机游戏,主机游戏,楚河,推荐宝藏游戏,完蛋！我被美女包围了！"
游戏BBQ,http://www.bilibili.com/video/av319813482,"搞笑,美女,英雄联盟,老婆,电子竞技,精彩集锦,沦陷,LPL,Letme,完蛋！我被美女包围了"
嘉树三岁啦us35,http://www.bilibili.com/video/av525810222,"女神,操作,场面"
网易新闻,http://www.bilibili.com/video/av721047171,"星海计划,斗鱼,虎牙,直播,女主播,美女"
恶棍z1,http://www.bilibili.com/video/av492646148,"英语,剪辑,英语单词,影视剪辑,英语学习,英语口语,新片新剧产粮大赛,神仙剪刀手"
爱沉默在深秋,http://www.bilibili.com/video/av860261930,"伊甸园2,拉娜,恋爱,美女,咸猪手"
超级无敌小寒涵,http://www.bilibili.com/video/av344670380,"绘画,插画,生活,艺术,美术,素描,画画,人体模特,美术学院,裸模"
美羊羊爱剪辑,http://www.bilibili.com/video/av995062065,"缅甸,影视剪辑,必剪创作,电影护卫者,新剧好剧一起看,星动安利大作战·春日篇"
恐怖地带来恐怖,http://www.bilibili.com/video/av231786666,"美女,电影,恐怖片,电影剪辑,梅菜扣肉,电影解说,影评杂谈,新剧好剧一起看,开启暑假的100种方式"
沐宇Coco,http://www.bilibili.com/video/av560834277,搞笑
艾伦和艾薇,http://www.bilibili.com/video/av901391191,"电影奇遇记之秋季大赏,秋日电影奇遇季,电影解说,惊悚片,恐怖片"
不同风格的比基尼走秀,http://www.bilibili.com/video/av526771072,"必剪创作,女神,身材,牛仔,美女,诱惑"
雨辰空_,http://www.bilibili.com/video/av235637499,"剪辑,美女被杀,必剪创作"
嗨森聊妹,http://www.bilibili.com/video/av275427366,"搭讪,异国恋,恋爱研究所,异国风情,陌生人社交,国外美女,撩妹,国外生活,外国小姐姐,社恐"
爱吃抹茶布丁的小熊,http://www.bilibili.com/video/av276091653,"短片,搞笑,美女,老公,科幻片,路虎,富婆,套路,必剪创作,B站短片计划"
妙音舫,http://www.bilibili.com/video/av958736200,"爱情,DJ,美女,恋爱,夜店,酒吧,搭讪,高甜,B站小剧场,夜场女孩,B站小剧场·夏日狂欢季"
缺德的德鲁伊,http://www.bilibili.com/video/av277334910,"王星辰,林乐清,游戏鉴赏家,整点电子榨菜,完蛋！我被美女包围了,完蛋我被美女包围了,钟晨瑶,整点电子榨菜第六期,郑梓妍,完蛋！我被美少女包围了,完蛋我被女友包围了"
Komorebi0202,http://www.bilibili.com/video/av406301928,"美女,合集,大长腿,美女合集,小姐姐,必剪创作,九月创作打卡,UP！新学期"
时光真快小童鞋,http://www.bilibili.com/video/av872983309,"美女,UP主,解说,韩剧,好剧,精彩片段,影视剪辑,好剧分享,必剪创作"
黑大帅的潇洒哥_,http://www.bilibili.com/video/av596267345,"小姐姐,颜值,可爱,美女,漂亮,女神"
万先生电影,http://www.bilibili.com/video/av620078388,"机器人,爱情,美女,科幻,身材,人工智能,电影解说,人人都能聊影视,最强安利王2.0"
蛋酱是我,http://www.bilibili.com/video/av385246354,"跟着UP主创作吧（第四期）,记录生活的美好幸福时刻,高能,萌妹子,挑战,小姐姐,女神,妹子,东京,美女,打卡挑战"
神猪说动漫,http://www.bilibili.com/video/av319377826,"美女,女神,姐姐,性感,动画短片,半身,衣服,国王,肩带,动画十月创作挑战"
向上的竹笋,http://www.bilibili.com/video/av701489527,"妹子,女神,小仙女,小姐姐,颜值,青春闪光的样子,B站小剧场·夏日狂欢季"
影蜜电影,http://www.bilibili.com/video/av946495864,"剪辑,万物皆可混剪,影视剪辑"
六月季夏echo,http://www.bilibili.com/video/av930615934,"不咕剪辑,小姐姐,情侣,萌妹子,女神,生活记录"
粉红耀眼猪,http://www.bilibili.com/video/av705465084,"上海,美女,万圣节,女神,小姐姐,必剪创作"
tutudiy,http://www.bilibili.com/video/av578135815,"可爱,美女,女神,性感,台妹,啦啦队,大长腿,小姐姐,啦啦队美女,多巴胺甜妹安利大赏"
逸骏,http://www.bilibili.com/video/av492978579,"短片,影视,短剧,惊喜生活，11UP"
账号已注销,http://www.bilibili.com/video/av444078659,"美女,荒野求生,荒岛求生,庇护所,荒岛,极品美女,宝藏猎人"
tutudiy,http://www.bilibili.com/video/av911830096,"美女,性感,东京,模特,走秀,时装秀,秀场,小姐姐,东京时装秀,时尚行业大公开,一起fun放假"
木头人426,http://www.bilibili.com/video/av365130895,"搞笑,美女,娱乐,高能,奇葩,必剪创作"
动漫呴好看,http://www.bilibili.com/video/av535066702,"妹妹,美女,热血,生命,危险,背叛,生命危险,秋季动漫打卡计划"
美美观影,http://www.bilibili.com/video/av407727589,"美女,警官,影视剪辑,审问"
Cosplay作品聚集地,http://www.bilibili.com/video/av530728338,"二次元,美女,合集,小姐姐,cos,Cosplay,创意仿妆挑战,仿妆cos大神暑期征集令"
观影新猫特,http://www.bilibili.com/video/av662336009,"美女,调戏,悬疑剧,电影剪辑,可恶,影视剪辑,影视剧,大少爷,必剪创作,神仙剪刀手,影视神仙剪刀手"
微笑是种欢度,http://www.bilibili.com/video/av533539448,"美女,美女合集,小姐姐"
耶嘿YeahHey,http://www.bilibili.com/video/av920385972,"女神,科普,姐姐,泰坦尼克号,性感,萌妹子,漂亮,小仙女,小姐姐,出行就现在,冬日·出行体验记"
田中寧檬,http://www.bilibili.com/video/av832223122,"美女,女神,性感,长腿,性感美女,助眠,轩子"
披星戴月月月月,http://www.bilibili.com/video/av658112300,"韩国,制服,美女,热舞,女主播,主播,必剪创作,eku"
小宇热游解说,http://www.bilibili.com/video/av962294296,"单机游戏,游戏解说,游戏攻略,沙盒游戏,PS5,主机游戏,整点电子榨菜,我被美女包围了,整点电子榨菜第六期"
求知若渴谦虚若愚,http://www.bilibili.com/video/av534073965,"美女,内衣秀,模特,大赛,走秀,比基尼美女,T台,泳装秀,模特大赛,维密秀"
楚河周刊,http://www.bilibili.com/video/av577325772,"搞笑,美女,单机游戏,主机游戏,楚河,推荐宝藏游戏,完蛋！我被美女包围了！"
游戏BBQ,http://www.bilibili.com/video/av319813482,"搞笑,美女,英雄联盟,老婆,电子竞技,精彩集锦,沦陷,LPL,Letme,完蛋！我被美女包围了"
嘉树三岁啦us35,http://www.bilibili.com/video/av525810222,"女神,操作,场面"
网易新闻,http://www.bilibili.com/video/av721047171,"星海计划,斗鱼,虎牙,直播,女主播,美女"
恶棍z1,http://www.bilibili.com/video/av492646148,"英语,剪辑,英语单词,影视剪辑,英语学习,英语口语,新片新剧产粮大赛,神仙剪刀手"
爱沉默在深秋,http://www.bilibili.com/video/av860261930,"伊甸园2,拉娜,恋爱,美女,咸猪手"
超级无敌小寒涵,http://www.bilibili.com/video/av344670380,"绘画,插画,生活,艺术,美术,素描,画画,人体模特,美术学院,裸模"
美羊羊爱剪辑,http://www.bilibili.com/video/av995062065,"缅甸,影视剪辑,必剪创作,电影护卫者,新剧好剧一起看,星动安利大作战·春日篇"
恐怖地带来恐怖,http://www.bilibili.com/video/av231786666,"美女,电影,恐怖片,电影剪辑,梅菜扣肉,电影解说,影评杂谈,新剧好剧一起看,开启暑假的100种方式"
沐宇Coco,http://www.bilibili.com/video/av560834277,搞笑
艾伦和艾薇,http://www.bilibili.com/video/av901391191,"电影奇遇记之秋季大赏,秋日电影奇遇季,电影解说,惊悚片,恐怖片"
不同风格的比基尼走秀,http://www.bilibili.com/video/av526771072,"必剪创作,女神,身材,牛仔,美女,诱惑"
雨辰空_,http://www.bilibili.com/video/av235637499,"剪辑,美女被杀,必剪创作"
嗨森聊妹,http://www.bilibili.com/video/av275427366,"搭讪,异国恋,恋爱研究所,异国风情,陌生人社交,国外美女,撩妹,国外生活,外国小姐姐,社恐"
爱吃抹茶布丁的小熊,http://www.bilibili.com/video/av276091653,"短片,搞笑,美女,老公,科幻片,路虎,富婆,套路,必剪创作,B站短片计划"
妙音舫,http://www.bilibili.com/video/av958736200,"爱情,DJ,美女,恋爱,夜店,酒吧,搭讪,高甜,B站小剧场,夜场女孩,B站小剧场·夏日狂欢季"
缺德的德鲁伊,http://www.bilibili.com/video/av277334910,"王星辰,林乐清,游戏鉴赏家,整点电子榨菜,完蛋！我被美女包围了,完蛋我被美女包围了,钟晨瑶,整点电子榨菜第六期,郑梓妍,完蛋！我被美少女包围了,完蛋我被女友包围了"
Komorebi0202,http://www.bilibili.com/video/av406301928,"美女,合集,大长腿,美女合集,小姐姐,必剪创作,九月创作打卡,UP！新学期"
时光真快小童鞋,http://www.bilibili.com/video/av872983309,"美女,UP主,解说,韩剧,好剧,精彩片段,影视剪辑,好剧分享,必剪创作"
黑大帅的潇洒哥_,http://www.bilibili.com/video/av596267345,"小姐姐,颜值,可爱,美女,漂亮,女神"
万先生电影,http://www.bilibili.com/video/av620078388,"机器人,爱情,美女,科幻,身材,人工智能,电影解说,人人都能聊影视,最强安利王2.0"
蛋酱是我,http://www.bilibili.com/video/av385246354,"跟着UP主创作吧（第四期）,记录生活的美好幸福时刻,高能,萌妹子,挑战,小姐姐,女神,妹子,东京,美女,打卡挑战"
神猪说动漫,http://www.bilibili.com/video/av319377826,"美女,女神,姐姐,性感,动画短片,半身,衣服,国王,肩带,动画十月创作挑战"
向上的竹笋,http://www.bilibili.com/video/av701489527,"妹子,女神,小仙女,小姐姐,颜值,青春闪光的样子,B站小剧场·夏日狂欢季"
影蜜电影,http://www.bilibili.com/video/av946495864,"剪辑,万物皆可混剪,影视剪辑"
六月季夏echo,http://www.bilibili.com/video/av930615934,"不咕剪辑,小姐姐,情侣,萌妹子,女神,生活记录"
粉红耀眼猪,http://www.bilibili.com/video/av705465084,"上海,美女,万圣节,女神,小姐姐,必剪创作"
tutudiy,http://www.bilibili.com/video/av578135815,"可爱,美女,女神,性感,台妹,啦啦队,大长腿,小姐姐,啦啦队美女,多巴胺甜妹安利大赏"
逸骏,http://www.bilibili.com/video/av492978579,"短片,影视,短剧,惊喜生活，11UP"
木头人426,http://www.bilibili.com/video/av365130895,"搞笑,美女,娱乐,高能,奇葩,必剪创作"
tutudiy,http://www.bilibili.com/video/av911830096,"美女,性感,东京,模特,走秀,时装秀,秀场,小姐姐,东京时装秀,时尚行业大公开,一起fun放假"
账号已注销,http://www.bilibili.com/video/av444078659,"美女,荒野求生,荒岛求生,庇护所,荒岛,极品美女,宝藏猎人"
美美观影,http://www.bilibili.com/video/av407727589,"美女,警官,影视剪辑,审问"
妙音舫,http://www.bilibili.com/video/av958736200,"爱情,DJ,美女,恋爱,夜店,酒吧,搭讪,高甜,B站小剧场,夜场女孩,B站小剧场·夏日狂欢季"
动漫呴好看,http://www.bilibili.com/video/av535066702,"妹妹,美女,热血,生命,危险,背叛,生命危险,秋季动漫打卡计划"
Cosplay作品聚集地,http://www.bilibili.com/video/av530728338,"二次元,美女,合集,小姐姐,cos,Cosplay,创意仿妆挑战,仿妆cos大神暑期征集令"
微笑是种欢度,http://www.bilibili.com/video/av533539448,"美女,美女合集,小姐姐"
耶嘿YeahHey,http://www.bilibili.com/video/av920385972,"女神,科普,姐姐,泰坦尼克号,性感,萌妹子,漂亮,小仙女,小姐姐,出行就现在,冬日·出行体验记"
田中寧檬,http://www.bilibili.com/video/av832223122,"美女,女神,性感,长腿,性感美女,助眠,轩子"
披星戴月月月月,http://www.bilibili.com/video/av658112300,"韩国,制服,美女,热舞,女主播,主播,必剪创作,eku"
小宇热游解说,http://www.bilibili.com/video/av962294296,"单机游戏,游戏解说,游戏攻略,沙盒游戏,PS5,主机游戏,整点电子榨菜,我被美女包围了,整点电子榨菜第六期"
求知若渴谦虚若愚,http://www.bilibili.com/video/av534073965,"美女,内衣秀,模特,大赛,走秀,比基尼美女,T台,泳装秀,模特大赛,维密秀"
楚河周刊,http://www.bilibili.com/video/av577325772,"搞笑,美女,单机游戏,主机游戏,楚河,推荐宝藏游戏,完蛋！我被美女包围了！"
游戏BBQ,http://www.bilibili.com/video/av319813482,"搞笑,美女,英雄联盟,老婆,电子竞技,精彩集锦,沦陷,LPL,Letme,完蛋！我被美女包围了"
网易新闻,http://www.bilibili.com/video/av721047171,"星海计划,斗鱼,虎牙,直播,女主播,美女"
恶棍z1,http://www.bilibili.com/video/av492646148,"英语,剪辑,英语单词,影视剪辑,英语学习,英语口语,新片新剧产粮大赛,神仙剪刀手"
嘉树三岁啦us35,http://www.bilibili.com/video/av525810222,"女神,操作,场面"
爱沉默在深秋,http://www.bilibili.com/video/av860261930,"伊甸园2,拉娜,恋爱,美女,咸猪手"
超级无敌小寒涵,http://www.bilibili.com/video/av344670380,"绘画,插画,生活,艺术,美术,素描,画画,人体模特,美术学院,裸模"
美羊羊爱剪辑,http://www.bilibili.com/video/av995062065,"缅甸,影视剪辑,必剪创作,电影护卫者,新剧好剧一起看,星动安利大作战·春日篇"
雨辰空_,http://www.bilibili.com/video/av235637499,"剪辑,美女被杀,必剪创作"
嗨森聊妹,http://www.bilibili.com/video/av231827744,"搭讪,异国恋,跨国恋,陌生人社交,国外美女,撩妹,国外生活,外国小姐姐,社恐,B站恋爱互助"
沐宇Coco,http://www.bilibili.com/video/av560834277,搞笑
恐怖地带来恐怖,http://www.bilibili.com/video/av231786666,"美女,电影,恐怖片,电影剪辑,梅菜扣肉,电影解说,影评杂谈,新剧好剧一起看,开启暑假的100种方式"
嗨森聊妹,http://www.bilibili.com/video/av275427366,"搭讪,异国恋,恋爱研究所,异国风情,陌生人社交,国外美女,撩妹,国外生活,外国小姐姐,社恐"
求知若渴谦虚若愚,http://www.bilibili.com/video/av619194066,"美女,泳装,性感,比基尼,模特,比基尼美女,模特大赛,维密秀,欧美女模,每日创作打卡,校园分享官第七期-COSTA"
观影新猫特,http://www.bilibili.com/video/av662336009,"美女,调戏,悬疑剧,电影剪辑,可恶,影视剪辑,影视剧,大少爷,必剪创作,神仙剪刀手,影视神仙剪刀手"
夜小雨爆笑社,http://www.bilibili.com/video/av476603962,"必剪创作,恶作剧,日本,综艺,搞笑,恶搞,高能,奇葩,整蛊,日本综艺"
缺德的德鲁伊,http://www.bilibili.com/video/av277334910,"王星辰,林乐清,游戏鉴赏家,整点电子榨菜,完蛋！我被美女包围了,完蛋我被美女包围了,钟晨瑶,整点电子榨菜第六期,郑梓妍,完蛋！我被美少女包围了,完蛋我被女友包围了"
Komorebi0202,http://www.bilibili.com/video/av406301928,"美女,合集,大长腿,美女合集,小姐姐,必剪创作,九月创作打卡,UP！新学期"
时光真快小童鞋,http://www.bilibili.com/video/av872983309,"美女,UP主,解说,韩剧,好剧,精彩片段,影视剪辑,好剧分享,必剪创作"
黑大帅的潇洒哥_,http://www.bilibili.com/video/av596267345,"小姐姐,颜值,可爱,美女,漂亮,女神"
万先生电影,http://www.bilibili.com/video/av620078388,"机器人,爱情,美女,科幻,身材,人工智能,电影解说,人人都能聊影视,最强安利王2.0"
蛋酱是我,http://www.bilibili.com/video/av385246354,"跟着UP主创作吧（第四期）,记录生活的美好幸福时刻,高能,萌妹子,挑战,小姐姐,女神,妹子,东京,美女,打卡挑战"
影蜜电影,http://www.bilibili.com/video/av946495864,"剪辑,万物皆可混剪,影视剪辑"
粉红耀眼猪,http://www.bilibili.com/video/av705465084,"上海,美女,万圣节,女神,小姐姐,必剪创作"
神猪说动漫,http://www.bilibili.com/video/av319377826,"美女,女神,姐姐,性感,动画短片,半身,衣服,国王,肩带,动画十月创作挑战"
向上的竹笋,http://www.bilibili.com/video/av701489527,"妹子,女神,小仙女,小姐姐,颜值,青春闪光的样子,B站小剧场·夏日狂欢季"
六月季夏echo,http://www.bilibili.com/video/av930615934,"不咕剪辑,小姐姐,情侣,萌妹子,女神,生活记录"
tutudiy,http://www.bilibili.com/video/av578135815,"可爱,美女,女神,性感,台妹,啦啦队,大长腿,小姐姐,啦啦队美女,多巴胺甜妹安利大赏"
木头人426,http://www.bilibili.com/video/av365130895,"搞笑,美女,娱乐,高能,奇葩,必剪创作"
tutudiy,http://www.bilibili.com/video/av911830096,"美女,性感,东京,模特,走秀,时装秀,秀场,小姐姐,东京时装秀,时尚行业大公开,一起fun放假"
账号已注销,http://www.bilibili.com/video/av444078659,"美女,荒野求生,荒岛求生,庇护所,荒岛,极品美女,宝藏猎人"
逸骏,http://www.bilibili.com/video/av492978579,"短片,影视,短剧,惊喜生活，11UP"
Cosplay作品聚集地,http://www.bilibili.com/video/av530728338,"二次元,美女,合集,小姐姐,cos,Cosplay,创意仿妆挑战,仿妆cos大神暑期征集令"
美美观影,http://www.bilibili.com/video/av407727589,"美女,警官,影视剪辑,审问"
妙音舫,http://www.bilibili.com/video/av958736200,"爱情,DJ,美女,恋爱,夜店,酒吧,搭讪,高甜,B站小剧场,夜场女孩,B站小剧场·夏日狂欢季"
观影新猫特,http://www.bilibili.com/video/av662336009,"美女,调戏,悬疑剧,电影剪辑,可恶,影视剪辑,影视剧,大少爷,必剪创作,神仙剪刀手,影视神仙剪刀手"
微笑是种欢度,http://www.bilibili.com/video/av533539448,"美女,美女合集,小姐姐"
耶嘿YeahHey,http://www.bilibili.com/video/av920385972,"女神,科普,姐姐,泰坦尼克号,性感,萌妹子,漂亮,小仙女,小姐姐,出行就现在,冬日·出行体验记"
田中寧檬,http://www.bilibili.com/video/av832223122,"美女,女神,性感,长腿,性感美女,助眠,轩子"
披星戴月月月月,http://www.bilibili.com/video/av658112300,"韩国,制服,美女,热舞,女主播,主播,必剪创作,eku"
小宇热游解说,http://www.bilibili.com/video/av962294296,"单机游戏,游戏解说,游戏攻略,沙盒游戏,PS5,主机游戏,整点电子榨菜,我被美女包围了,整点电子榨菜第六期"
求知若渴谦虚若愚,http://www.bilibili.com/video/av534073965,"美女,内衣秀,模特,大赛,走秀,比基尼美女,T台,泳装秀,模特大赛,维密秀"
楚河周刊,http://www.bilibili.com/video/av577325772,"搞笑,美女,单机游戏,主机游戏,楚河,推荐宝藏游戏,完蛋！我被美女包围了！"
游戏BBQ,http://www.bilibili.com/video/av319813482,"搞笑,美女,英雄联盟,老婆,电子竞技,精彩集锦,沦陷,LPL,Letme,完蛋！我被美女包围了"
网易新闻,http://www.bilibili.com/video/av721047171,"星海计划,斗鱼,虎牙,直播,女主播,美女"
恶棍z1,http://www.bilibili.com/video/av492646148,"英语,剪辑,英语单词,影视剪辑,英语学习,英语口语,新片新剧产粮大赛,神仙剪刀手"
嘉树三岁啦us35,http://www.bilibili.com/video/av525810222,"女神,操作,场面"
爱沉默在深秋,http://www.bilibili.com/video/av860261930,"伊甸园2,拉娜,恋爱,美女,咸猪手"
超级无敌小寒涵,http://www.bilibili.com/video/av344670380,"绘画,插画,生活,艺术,美术,素描,画画,人体模特,美术学院,裸模"
美羊羊爱剪辑,http://www.bilibili.com/video/av995062065,"缅甸,影视剪辑,必剪创作,电影护卫者,新剧好剧一起看,星动安利大作战·春日篇"
恐怖地带来恐怖,http://www.bilibili.com/video/av231786666,"美女,电影,恐怖片,电影剪辑,梅菜扣肉,电影解说,影评杂谈,新剧好剧一起看,开启暑假的100种方式"
雨辰空_,http://www.bilibili.com/video/av235637499,"剪辑,美女被杀,必剪创作"
嗨森聊妹,http://www.bilibili.com/video/av231827744,"搭讪,异国恋,跨国恋,陌生人社交,国外美女,撩妹,国外生活,外国小姐姐,社恐,B站恋爱互助"
沐宇Coco,http://www.bilibili.com/video/av560834277,搞笑
嗨森聊妹,http://www.bilibili.com/video/av275427366,"搭讪,异国恋,恋爱研究所,异国风情,陌生人社交,国外美女,撩妹,国外生活,外国小姐姐,社恐"
求知若渴谦虚若愚,http://www.bilibili.com/video/av619194066,"美女,泳装,性感,比基尼,模特,比基尼美女,模特大赛,维密秀,欧美女模,每日创作打卡,校园分享官第七期-COSTA"
cy频道,http://www.bilibili.com/video/av832760360,"美女,热舞,小姐姐,必剪创作"
夜小雨爆笑社,http://www.bilibili.com/video/av476603962,"必剪创作,恶作剧,日本,综艺,搞笑,恶搞,高能,奇葩,整蛊,日本综艺"
